{
  "alias" : "PC_mouse_Cube.087_PCMouse1_1",
  "vertices" : [-0.529968,0.820076,-0.773301,-0.540104,0.820076,-0.781358,-0.533847,0.820076,-0.773914,-0.537135,0.820076,-0.775661,-0.539333,0.820076,-0.778275,-0.540104,0.822301,-0.781358,-0.529968,0.822301,-0.773301,-0.539333,0.822301,-0.778275,-0.537135,0.822301,-0.775661,-0.533847,0.822301,-0.773914,-0.540104,0.820076,-0.954073,-0.529968,0.820076,-0.962131,-0.539333,0.820076,-0.957157,-0.537135,0.820076,-0.959771,-0.533847,0.820076,-0.961518,-0.529968,0.822301,-0.962131,-0.540104,0.822301,-0.954073,-0.533847,0.822301,-0.961518,-0.537135,0.822301,-0.959771,-0.539333,0.822301,-0.957157,-0.302556,0.820076,-0.781358,-0.312692,0.820076,-0.773301,-0.303327,0.820076,-0.778275,-0.305525,0.820076,-0.775661,-0.308813,0.820076,-0.773914,-0.312692,0.822301,-0.773301,-0.302556,0.822301,-0.781358,-0.308813,0.822301,-0.773914,-0.305525,0.822301,-0.775661,-0.303327,0.822301,-0.778275,-0.312692,0.820076,-0.962131,-0.302556,0.820076,-0.954073,-0.308813,0.820076,-0.961518,-0.305525,0.820076,-0.959771,-0.303327,0.820076,-0.957157,-0.302556,0.822301,-0.954073,-0.312692,0.822301,-0.962131,-0.303327,0.822301,-0.957157,-0.305525,0.822301,-0.959771,-0.308813,0.822301,-0.961518],
  "indices" : [25,0,21,35,20,31,15,16,6,5,10,1,15,30,11,6,2,0,2,8,3,8,4,3,4,5,1,11,17,15,14,18,17,13,19,18,12,16,19,31,37,35,34,38,37,38,32,39,32,36,39,21,27,25,27,23,28,23,29,28,22,26,29,30,31,21,25,6,0,35,26,20,26,35,36,35,37,38,39,35,38,39,36,35,36,15,25,26,36,25,15,17,16,17,18,16,18,19,16,16,5,6,5,7,8,6,5,9,8,9,5,6,25,15,25,27,26,27,28,26,28,29,26,5,16,10,15,36,30,6,9,2,2,9,8,8,7,4,4,7,5,11,14,17,14,13,18,13,12,19,12,10,16,31,34,37,34,33,38,38,33,32,32,30,36,21,24,27,27,24,23,23,22,29,22,20,26,1,10,11,10,12,13,14,10,13,14,11,10,11,30,0,1,11,0,30,32,31,32,33,31,33,34,31,31,20,21,20,22,23,21,20,24,23,24,20,21,0,30,0,2,1,2,3,1,3,4,1],
  "Ns" : 250.00000,
  "Ka" : [1.00000,1.00000,1.00000],
  "Kd" : [0.09850,0.07804,0.06985],
  "Ks" : [0.50000,0.50000,0.50000],
  "Ni" : 1.45000,
  "d" : 1.00000,
  "illum" : 2
}