{
  "alias" : "PC_Screen_Cube.078_PCs1_1",
  "vertices" : [-0.45912,0.906115,-1.104184,-0.45912,1.2604,-1.104184,-0.436962,0.897398,-1.08502,-0.436962,1.269117,-1.08502,-1.037556,0.906115,-1.104184,-1.037556,1.2604,-1.104184,-1.059714,0.897398,-1.08502,-1.059714,1.269117,-1.08502,-0.414515,1.28772,-1.08502,-0.414515,0.878795,-1.08502,-1.082161,0.878795,-1.08502,-1.082161,1.28772,-1.08502,-0.436962,1.269117,-1.090917,-0.436962,0.897398,-1.090917,-1.059714,0.897398,-1.090917,-1.059714,1.269117,-1.090917,-0.613839,0.81951,-1.174993,-0.728175,0.842363,-1.103243,-0.613839,0.81951,-1.027075,-0.728175,0.842363,-1.086743,-0.882838,0.81951,-1.174993,-0.768501,0.842363,-1.103243,-0.882838,0.81951,-1.027075,-0.768501,0.842363,-1.086743,-0.613839,0.830151,-1.174993,-0.613839,0.830151,-1.027075,-0.882838,0.830151,-1.027075,-0.882838,0.830151,-1.174993,-0.728175,0.924995,-1.103243,-0.728175,0.879981,-1.086743,-0.768501,0.879981,-1.086743,-0.768501,0.924995,-1.103243],
  "indices" : [1,9,0,3,13,2,11,4,10,5,0,4,10,0,9,8,5,11,2,8,3,6,9,2,3,11,7,7,10,6,6,15,7,2,14,6,7,12,3,29,31,30,1,8,9,3,12,13,11,5,4,5,1,0,10,4,0,8,1,5,2,9,8,6,10,9,3,8,11,7,11,10,6,14,15,2,13,14,7,15,12,29,28,31],
  "Ns" : 494.89586,
  "Ka" : [1.00000,1.00000,1.00000],
  "Kd" : [0.00968,0.00968,0.00968],
  "Ks" : [0.50000,0.50000,0.50000],
  "Ni" : 1.45000,
  "d" : 1.00000,
  "illum" : 2
}