{
  "alias" : "PC_Screen_Cube.078_PCs1_2",
  "vertices" : [-0.45912,0.906115,-1.104184,-0.45912,1.2604,-1.104184,-0.436962,0.897398,-1.08502,-0.436962,1.269117,-1.08502,-1.037556,0.906115,-1.104184,-1.037556,1.2604,-1.104184,-1.059714,0.897398,-1.08502,-1.059714,1.269117,-1.08502,-0.414515,1.28772,-1.08502,-0.414515,0.878795,-1.08502,-1.082161,0.878795,-1.08502,-1.082161,1.28772,-1.08502,-0.436962,1.269117,-1.090917,-0.436962,0.897398,-1.090917,-1.059714,0.897398,-1.090917,-1.059714,1.269117,-1.090917,-0.613839,0.81951,-1.174993,-0.728175,0.842363,-1.103243,-0.613839,0.81951,-1.027075,-0.728175,0.842363,-1.086743,-0.882838,0.81951,-1.174993,-0.768501,0.842363,-1.103243,-0.882838,0.81951,-1.027075,-0.768501,0.842363,-1.086743,-0.613839,0.830151,-1.174993,-0.613839,0.830151,-1.027075,-0.882838,0.830151,-1.027075,-0.882838,0.830151,-1.174993,-0.728175,0.924995,-1.103243,-0.728175,0.879981,-1.086743,-0.768501,0.879981,-1.086743,-0.768501,0.924995,-1.103243],
  "indices" : [24,18,16,25,22,18,26,20,22,27,16,20,22,16,18,17,29,19,17,25,24,23,25,19,21,26,23,21,24,27,21,28,17,19,30,23,21,30,31,24,25,18,25,26,22,26,27,20,27,24,16,22,20,16,17,28,29,17,19,25,23,26,25,21,27,26,21,17,24,21,31,28,19,29,30,21,23,30],
  "Ns" : 250.00000,
  "Ka" : [1.00000,1.00000,1.00000],
  "Kd" : [0.03451,0.03451,0.03451],
  "Ks" : [0.50000,0.50000,0.50000],
  "Ni" : 1.45000,
  "d" : 1.00000,
  "illum" : 2
}