{
  "alias" : "Picture_01_Cube.619_Picture_01",
  "vertices" : [0.615276,1.390949,-1.208239,0.615276,1.729141,-1.208239,0.594567,1.371946,-1.240724,0.594567,1.748145,-1.240724,1.056973,1.390949,-1.208239,1.056973,1.729141,-1.208239,1.077682,1.371946,-1.240724,1.077682,1.748145,-1.240724,0.594567,1.371946,-1.208239,0.594567,1.748145,-1.208239,1.077682,1.748145,-1.208239,1.077682,1.371946,-1.208239,0.615276,1.390949,-1.220285,0.615276,1.729141,-1.220285,1.056973,1.729141,-1.220285,1.056973,1.390949,-1.220285],
  "indices" : [8,3,2,3,6,2,7,11,6,4,12,0,6,8,2,3,10,7,1,8,0,4,10,5,4,8,11,1,10,9,0,13,1,1,14,5,4,14,15,8,9,3,3,7,6,7,10,11,4,15,12,6,11,8,3,9,10,1,9,8,4,11,10,4,0,8,1,5,10,0,12,13,1,13,14,4,5,14],
  "Ns" : 250.00000,
  "Ka" : [1.00000,1.00000,1.00000],
  "Kd" : [0.27383,0.27383,0.27383],
  "Ks" : [0.50000,0.50000,0.50000],
  "Ni" : 1.45000,
  "d" : 1.00000,
  "illum" : 2
}