{
  "alias" : "Picture_02_Cube.623_Picture_02",
  "vertices" : [0.861086,1.833773,-1.209183,0.861086,2.171966,-1.209183,0.840377,1.81477,-1.241668,0.840377,2.190969,-1.241668,1.109531,1.833773,-1.209183,1.109531,2.171966,-1.209183,1.13024,1.81477,-1.241668,1.13024,2.190969,-1.241668,0.840377,1.81477,-1.209183,0.840377,2.190969,-1.209183,1.13024,2.190969,-1.209183,1.13024,1.81477,-1.209183,0.861086,1.833773,-1.221229,0.861086,2.171966,-1.221229,1.109531,2.171966,-1.221229,1.109531,1.833773,-1.221229],
  "indices" : [14,12,15,14,13,12],
  "Ns" : 250.00000,
  "Ka" : [1.00000,1.00000,1.00000],
  "Kd" : [0.64217,0.42940,0.29791],
  "Ks" : [0.50000,0.50000,0.50000],
  "Ni" : 1.45000,
  "d" : 1.00000,
  "illum" : 2
}