{
  "alias" : "PC_Cube.077_PC1-2",
  "vertices" : [-0.437524,0.171116,-1.135714,-0.437524,0.442997,-1.135714,-0.297531,0.124734,-1.182095,-0.327574,0.493669,-1.152926,-0.406619,0.436029,-0.817452,-0.406619,0.44322,-0.817452,-0.324718,0.436029,-0.817452,-0.324718,0.44322,-0.817452,-0.327574,0.493669,-0.846621,-0.297531,0.124734,-0.817452,-0.437524,0.171116,-0.863833,-0.437524,0.442997,-0.863833,-0.324718,0.44322,-0.823121,-0.324718,0.436029,-0.823121,-0.406619,0.436029,-0.823121,-0.406619,0.44322,-0.823121,-0.433804,0.124734,-1.182095,-0.403762,0.493669,-1.152926,-0.403762,0.493669,-0.846621,-0.433804,0.124734,-0.817452,-0.433804,0.14673,-1.160099,-0.433804,0.467382,-1.160099,-0.433804,0.467382,-0.839447,-0.433804,0.14673,-0.839448,-0.433804,0.489378,-1.182095,-0.297531,0.489378,-1.182095,-0.297531,0.489378,-0.817451,-0.433804,0.489378,-0.817451,-0.417565,0.489378,-1.166729,-0.313771,0.489378,-1.166729,-0.313771,0.489378,-0.832818,-0.417565,0.489378,-0.832818,-0.32563,0.430099,-0.822361,-0.32563,0.430099,-0.816075,-0.327201,0.427377,-0.822361,-0.327201,0.427377,-0.816075,-0.330344,0.427377,-0.822361,-0.330344,0.427377,-0.816075,-0.331915,0.430099,-0.822361,-0.331915,0.430099,-0.816075,-0.330344,0.43282,-0.822361,-0.330344,0.43282,-0.816075,-0.327201,0.43282,-0.822361,-0.327201,0.43282,-0.816075,-0.357112,0.192444,-0.831841,-0.357112,0.192444,-0.815887,-0.3611,0.185536,-0.831841,-0.3611,0.185536,-0.815887,-0.369077,0.185536,-0.831841,-0.369077,0.185536,-0.815887,-0.373065,0.192444,-0.831841,-0.373065,0.192444,-0.815887,-0.369077,0.199352,-0.831841,-0.369077,0.199352,-0.815887,-0.3611,0.199352,-0.831841,-0.3611,0.199352,-0.815887,-0.360305,0.209949,-0.822421,-0.360305,0.209949,-0.812855,-0.362697,0.205806,-0.822421,-0.362697,0.205806,-0.812855,-0.36748,0.205806,-0.822421,-0.36748,0.205806,-0.812855,-0.369872,0.209949,-0.822421,-0.369872,0.209949,-0.812855,-0.36748,0.214091,-0.822421,-0.36748,0.214091,-0.812855,-0.362697,0.214091,-0.822421,-0.362697,0.214091,-0.812855],
  "indices" : [33,34,32,35,36,34,37,38,36,39,40,38,41,39,37,40,43,42,43,32,42,34,38,42,45,46,44,47,48,46,49,50,48,51,52,50,51,49,45,53,54,52,55,44,54,46,50,54,57,58,56,59,60,58,61,62,60,63,64,62,65,63,61,65,66,64,67,56,66,62,64,66,33,35,34,35,37,36,37,39,38,39,41,40,37,35,41,35,33,41,33,43,41,40,41,43,43,33,32,42,32,34,34,36,38,38,40,42,45,47,46,47,49,48,49,51,50,51,53,52,49,47,45,45,55,53,53,51,45,53,55,54,55,45,44,54,44,46,46,48,50,50,52,54,57,59,58,59,61,60,61,63,62,63,65,64,61,59,57,57,67,61,67,65,61,65,67,66,67,57,56,66,56,58,58,60,66,60,62,66],
  "Ns" : 250.00000,
  "Ka" : [1.00000,1.00000,1.00000],
  "Kd" : [0.80000,0.05065,0.05867],
  "Ks" : [0.50000,0.50000,0.50000],
  "Ni" : 1.45000,
  "d" : 1.00000,
  "illum" : 2
}