{
  "alias" : "PC_Cube.077_PC1_1",
  "vertices" : [-0.437524,0.171116,-1.135714,-0.437524,0.442997,-1.135714,-0.297531,0.124734,-1.182095,-0.327574,0.493669,-1.152926,-0.406619,0.436029,-0.817452,-0.406619,0.44322,-0.817452,-0.324718,0.436029,-0.817452,-0.324718,0.44322,-0.817452,-0.327574,0.493669,-0.846621,-0.297531,0.124734,-0.817452,-0.437524,0.171116,-0.863833,-0.437524,0.442997,-0.863833,-0.324718,0.44322,-0.823121,-0.324718,0.436029,-0.823121,-0.406619,0.436029,-0.823121,-0.406619,0.44322,-0.823121,-0.433804,0.124734,-1.182095,-0.403762,0.493669,-1.152926,-0.403762,0.493669,-0.846621,-0.433804,0.124734,-0.817452,-0.433804,0.14673,-1.160099,-0.433804,0.467382,-1.160099,-0.433804,0.467382,-0.839447,-0.433804,0.14673,-0.839448,-0.433804,0.489378,-1.182095,-0.297531,0.489378,-1.182095,-0.297531,0.489378,-0.817451,-0.433804,0.489378,-0.817451,-0.417565,0.489378,-1.166729,-0.313771,0.489378,-1.166729,-0.313771,0.489378,-0.832818,-0.417565,0.489378,-0.832818,-0.32563,0.430099,-0.822361,-0.32563,0.430099,-0.816075,-0.327201,0.427377,-0.822361,-0.327201,0.427377,-0.816075,-0.330344,0.427377,-0.822361,-0.330344,0.427377,-0.816075,-0.331915,0.430099,-0.822361,-0.331915,0.430099,-0.816075,-0.330344,0.43282,-0.822361,-0.330344,0.43282,-0.816075,-0.327201,0.43282,-0.822361,-0.327201,0.43282,-0.816075,-0.357112,0.192444,-0.831841,-0.357112,0.192444,-0.815887,-0.3611,0.185536,-0.831841,-0.3611,0.185536,-0.815887,-0.369077,0.185536,-0.831841,-0.369077,0.185536,-0.815887,-0.373065,0.192444,-0.831841,-0.373065,0.192444,-0.815887,-0.369077,0.199352,-0.831841,-0.369077,0.199352,-0.815887,-0.3611,0.199352,-0.831841,-0.3611,0.199352,-0.815887,-0.360305,0.209949,-0.822421,-0.360305,0.209949,-0.812855,-0.362697,0.205806,-0.822421,-0.362697,0.205806,-0.812855,-0.36748,0.205806,-0.822421,-0.36748,0.205806,-0.812855,-0.369872,0.209949,-0.822421,-0.369872,0.209949,-0.812855,-0.36748,0.214091,-0.822421,-0.36748,0.214091,-0.812855,-0.362697,0.214091,-0.822421,-0.362697,0.214091,-0.812855],
  "indices" : [24,2,16,25,9,2,4,15,5,10,1,0,9,16,2,8,17,18,6,26,7,6,19,9,7,27,5,4,27,19,12,14,13,6,14,4,5,12,7,7,13,6,21,16,20,22,19,27,23,16,19,21,27,24,1,20,0,10,22,11,0,23,10,11,21,1,29,24,28,30,25,29,30,27,26,31,24,27,3,28,17,3,30,29,18,30,8,18,28,31,24,25,2,25,26,9,4,14,15,10,11,1,9,19,16,8,3,17,6,9,26,6,4,19,7,26,27,4,5,27,12,15,14,6,13,14,5,15,12,7,12,13,21,24,16,22,23,19,23,20,16,21,22,27,1,21,20,10,23,22,0,20,23,11,22,21,29,25,24,30,26,25,30,31,27,31,28,24,3,29,28,3,8,30,18,31,30,18,17,28],
  "Ns" : 250.00000,
  "Ka" : [1.00000,1.00000,1.00000],
  "Kd" : [0.03174,0.03174,0.03174],
  "Ks" : [0.50000,0.50000,0.50000],
  "Ni" : 1.45000,
  "d" : 1.00000,
  "illum" : 2
}