{
  "alias" : "Picture_03_Cube.624_Picture_01",
  "vertices" : [0.486374,1.844744,-1.209381,0.486374,2.052405,-1.209381,0.465665,1.825741,-1.241867,0.465665,2.071408,-1.241867,0.734818,1.844744,-1.209381,0.734818,2.052405,-1.209381,0.755527,1.825741,-1.241867,0.755527,2.071408,-1.241867,0.465665,1.825741,-1.209381,0.465665,2.071408,-1.209381,0.755527,2.071408,-1.209381,0.755527,1.825741,-1.209381,0.486374,1.844744,-1.221427,0.486374,2.052405,-1.221427,0.734818,2.052405,-1.221427,0.734818,1.844744,-1.221427],
  "indices" : [9,2,8,3,6,2,7,11,6,4,12,0,6,8,2,3,10,7,1,8,0,5,11,10,0,11,4,5,9,1,0,13,1,1,14,5,4,14,15,9,3,2,3,7,6,7,10,11,4,15,12,6,11,8,3,9,10,1,9,8,5,4,11,0,8,11,5,10,9,0,12,13,1,13,14,4,5,14],
  "Ns" : 250.00000,
  "Ka" : [1.00000,1.00000,1.00000],
  "Kd" : [0.27383,0.27383,0.27383],
  "Ks" : [0.50000,0.50000,0.50000],
  "Ni" : 1.45000,
  "d" : 1.00000,
  "illum" : 2
}