{
  "alias" : "SwitchLight_Cube.551_socket_01",
  "vertices" : [-1.337748,0.938403,1.355765,-1.337748,1.030568,1.355765,-1.337748,0.938403,1.2636,-1.337748,1.030568,1.2636,-1.304067,0.943996,1.350172,-1.304067,1.024975,1.350172,-1.304067,0.943996,1.269193,-1.304067,1.024975,1.269193,-1.304067,1.030568,1.2636,-1.304067,0.938403,1.2636,-1.304067,0.938403,1.355765,-1.304067,1.030568,1.355765,-1.310202,1.023645,1.270523,-1.310202,0.945326,1.270523,-1.310202,0.945326,1.348842,-1.310202,1.023645,1.348842,-1.310202,1.024975,1.269193,-1.310202,0.943996,1.269193,-1.310202,0.943996,1.350172,-1.310202,1.024975,1.350172,-1.294206,1.023645,1.270523,-1.290372,1.019215,1.270523,-1.291229,1.022347,1.270523,-1.300441,0.949756,1.270523,-1.305559,0.945326,1.270523,-1.302206,0.946623,1.270523,-1.305559,0.945326,1.348842,-1.300441,0.949756,1.348842,-1.302206,0.946623,1.348842,-1.290372,1.019215,1.348842,-1.294206,1.023645,1.348842,-1.291229,1.022347,1.348842],
  "indices" : [1,2,0,3,9,2,5,16,7,11,0,10,9,0,2,3,11,8,7,9,8,6,10,9,5,8,11,4,11,10,7,17,6,4,19,5,6,18,4,13,16,12,14,17,13,12,19,15,15,18,14,15,20,12,29,31,30,13,26,14,21,27,23,24,28,26,25,27,28,30,22,20,31,21,22,23,25,24,1,3,2,3,8,9,5,19,16,11,1,0,9,10,0,3,1,11,7,6,9,6,4,10,5,7,8,4,5,11,7,16,17,4,18,19,6,17,18,13,17,16,14,18,17,12,16,19,15,19,18,15,30,20,30,15,29,15,14,27,27,14,26,26,28,27,27,29,15,13,24,26,21,29,27,24,25,28,25,23,27,30,31,22,31,29,21,24,13,23,13,12,23,12,20,21,20,22,21,21,23,12],
  "Ns" : 250.00000,
  "Ka" : [1.00000,1.00000,1.00000],
  "Kd" : [0.64217,0.64217,0.64217],
  "Ks" : [0.50000,0.50000,0.50000],
  "Ni" : 1.45000,
  "d" : 1.00000,
  "illum" : 2
}