{
  "alias" : "Picture_02_Cube.623_Picture_01",
  "vertices" : [0.861086,1.833773,-1.209183,0.861086,2.171966,-1.209183,0.840377,1.81477,-1.241668,0.840377,2.190969,-1.241668,1.109531,1.833773,-1.209183,1.109531,2.171966,-1.209183,1.13024,1.81477,-1.241668,1.13024,2.190969,-1.241668,0.840377,1.81477,-1.209183,0.840377,2.190969,-1.209183,1.13024,2.190969,-1.209183,1.13024,1.81477,-1.209183,0.861086,1.833773,-1.221229,0.861086,2.171966,-1.221229,1.109531,2.171966,-1.221229,1.109531,1.833773,-1.221229],
  "indices" : [9,2,8,3,6,2,7,11,6,4,12,0,6,8,2,3,10,7,1,8,0,4,10,5,0,11,4,5,9,1,0,13,1,5,13,14,4,14,15,9,3,2,3,7,6,7,10,11,4,15,12,6,11,8,3,9,10,1,9,8,4,11,10,0,8,11,5,10,9,0,12,13,5,1,13,4,5,14],
  "Ns" : 250.00000,
  "Ka" : [1.00000,1.00000,1.00000],
  "Kd" : [0.27383,0.27383,0.27383],
  "Ks" : [0.50000,0.50000,0.50000],
  "Ni" : 1.45000,
  "d" : 1.00000,
  "illum" : 2
}