{
  "alias" : "Table_Cube.093_TableRoom2_1",
  "vertices" : [-0.128309,0.783329,-0.588555,-0.128309,0.820678,-0.588555,-1.32572,0.783329,-0.592642,-1.32572,0.820678,-0.592642,-0.126077,0.783329,-1.242622,-0.126077,0.820678,-1.242622,-1.323487,0.783329,-1.246709,-1.323487,0.820678,-1.246709,-0.197009,0.123197,-0.66586,-0.197009,0.786845,-0.66586,-0.254832,0.123197,-0.665986,-0.254832,0.786845,-0.665986,-0.196853,0.123197,-0.711662,-0.196853,0.786845,-0.711662,-0.254682,0.123197,-0.711789,-0.254682,0.786845,-0.711789,-1.192104,0.123197,-0.669329,-1.192104,0.786845,-0.669329,-1.250301,0.123197,-0.669455,-1.250301,0.786845,-0.669455,-1.191955,0.123197,-0.715131,-1.191955,0.786845,-0.715131,-1.250144,0.123197,-0.715258,-1.250144,0.786845,-0.715257,-1.190513,0.123197,-1.124352,-1.190513,0.786845,-1.124352,-1.248639,0.123197,-1.124479,-1.248639,0.786845,-1.124479,-1.190364,0.123197,-1.170155,-1.190364,0.786845,-1.170155,-1.248482,0.123197,-1.170281,-1.248482,0.786845,-1.170281,-0.1815,0.123197,-1.120837,-0.1815,0.786845,-1.120837,-0.239986,0.123197,-1.120963,-0.239986,0.786845,-1.120963,-0.181343,0.123197,-1.166639,-0.181343,0.786845,-1.166639,-0.239836,0.123197,-1.166766,-0.239836,0.786845,-1.166766],
  "indices" : [1,2,0,3,6,2,7,4,6,5,0,4,6,0,2,3,5,7,9,10,8,11,14,10,15,12,14,13,8,12,14,8,10,15,9,13,17,18,16,19,22,18,23,20,22,21,16,20,22,16,18,23,17,21,25,26,24,27,30,26,31,28,30,29,24,28,30,24,26,31,25,29,33,34,32,35,38,34,39,36,38,37,32,36,38,32,34,39,33,37,1,3,2,3,7,6,7,5,4,5,1,0,6,4,0,3,1,5,9,11,10,11,15,14,15,13,12,13,9,8,14,12,8,15,11,9,17,19,18,19,23,22,23,21,20,21,17,16,22,20,16,23,19,17,25,27,26,27,31,30,31,29,28,29,25,24,30,28,24,31,27,25,33,35,34,35,39,38,39,37,36,37,33,32,38,36,32,39,35,33],
  "Ns" : 250.00000,
  "Ka" : [1.00000,1.00000,1.00000],
  "Kd" : [0.04364,0.04182,0.03848],
  "Ks" : [0.50000,0.50000,0.50000],
  "Ni" : 1.45000,
  "d" : 1.00000,
  "illum" : 2
}