{
  "alias" : "Picture_03_Cube.624_Picture_03",
  "vertices" : [0.486374,1.844744,-1.209381,0.486374,2.052405,-1.209381,0.465665,1.825741,-1.241867,0.465665,2.071408,-1.241867,0.734818,1.844744,-1.209381,0.734818,2.052405,-1.209381,0.755527,1.825741,-1.241867,0.755527,2.071408,-1.241867,0.465665,1.825741,-1.209381,0.465665,2.071408,-1.209381,0.755527,2.071408,-1.209381,0.755527,1.825741,-1.209381,0.486374,1.844744,-1.221427,0.486374,2.052405,-1.221427,0.734818,2.052405,-1.221427,0.734818,1.844744,-1.221427],
  "indices" : [14,12,15,14,13,12],
  "Ns" : 250.00000,
  "Ka" : [1.00000,1.00000,1.00000],
  "Kd" : [0.77428,0.49027,0.32726],
  "Ks" : [0.50000,0.50000,0.50000],
  "Ni" : 1.45000,
  "d" : 1.00000,
  "illum" : 2
}