{
  "alias" : "BG_Cube.006_BG",
  "vertices" : [-581.532898,0.0,581.532898,-581.532898,0.0,-581.532898,581.532959,0.0,581.532898,581.532959,0.0,-581.532898],
  "indices" : [2,1,0,2,3,1],
  "Ns" : 250.00000,
  "Ka" : [1.00000,1.00000,1.00000],
  "Kd" : [0.01341,0.01134,0.01039],
  "Ks" : [0.50000,0.50000,0.50000],
  "Ni" : 1.45000,
  "d" : 1.00000,
  "illum" : 2
}