{
  "alias" : "Book_Cube.297_Book_02",
  "vertices" : [0.128641,0.514948,-0.978584,0.102752,0.514948,-1.168432,-0.033524,0.514948,-0.95647,-0.059413,0.514948,-1.146318,0.128641,0.476629,-0.978584,0.102752,0.476629,-1.168432,-0.033524,0.476629,-0.95647,-0.059413,0.476629,-1.146318,-0.033524,0.484548,-0.95647,-0.033524,0.507029,-0.95647,-0.059413,0.507029,-1.146318,-0.059413,0.484548,-1.146318,0.128641,0.507029,-0.978584,0.128641,0.484548,-0.978584,0.102752,0.484548,-1.168432,0.102752,0.507029,-1.168432,-0.023734,0.514948,-0.957805,-0.049623,0.514948,-1.147653,-0.023734,0.476629,-0.957805,-0.049623,0.476629,-1.147653,-0.049623,0.484548,-1.147653,-0.049623,0.507029,-1.147653,-0.023734,0.507029,-0.957805,-0.023734,0.484548,-0.957805,0.122984,0.506316,-0.983949,0.122984,0.485261,-0.983949,0.098738,0.485261,-1.161748,0.098738,0.506316,-1.161748,-0.048547,0.485261,-1.141663,-0.048547,0.506316,-1.141663,-0.024301,0.506316,-0.963864,-0.024301,0.485261,-0.963864],
  "indices" : [16,3,2,11,6,8,18,5,4,15,0,12,18,13,23,17,15,21,20,5,19,20,26,14,22,0,16,22,24,12,5,13,4,14,25,13,3,9,2,10,8,9,8,22,9,9,16,2,10,20,11,11,19,7,10,17,21,6,23,8,7,18,6,0,17,16,21,28,20,23,30,22,12,27,15,23,25,31,21,27,29,16,17,3,11,7,6,18,19,5,15,1,0,18,4,13,17,1,15,20,14,5,20,28,26,22,12,0,22,30,24,5,14,13,14,26,25,3,10,9,10,11,8,8,23,22,9,22,16,10,21,20,11,20,19,10,3,17,6,18,23,7,19,18,0,1,17,21,29,28,23,31,30,12,24,27,23,13,25,21,15,27],
  "Ns" : 250.00000,
  "Ka" : [1.00000,1.00000,1.00000],
  "Kd" : [0.56684,0.17748,0.12960],
  "Ks" : [0.50000,0.50000,0.50000],
  "Ni" : 1.45000,
  "d" : 1.00000,
  "illum" : 2
}