{
  "alias" : "Book_Cube.297_Book_01",
  "vertices" : [0.128641,0.514948,-0.978584,0.102752,0.514948,-1.168432,-0.033524,0.514948,-0.95647,-0.059413,0.514948,-1.146318,0.128641,0.476629,-0.978584,0.102752,0.476629,-1.168432,-0.033524,0.476629,-0.95647,-0.059413,0.476629,-1.146318,-0.033524,0.484548,-0.95647,-0.033524,0.507029,-0.95647,-0.059413,0.507029,-1.146318,-0.059413,0.484548,-1.146318,0.128641,0.507029,-0.978584,0.128641,0.484548,-0.978584,0.102752,0.484548,-1.168432,0.102752,0.507029,-1.168432,-0.023734,0.514948,-0.957805,-0.049623,0.514948,-1.147653,-0.023734,0.476629,-0.957805,-0.049623,0.476629,-1.147653,-0.049623,0.484548,-1.147653,-0.049623,0.507029,-1.147653,-0.023734,0.507029,-0.957805,-0.023734,0.484548,-0.957805,0.122984,0.506316,-0.983949,0.122984,0.485261,-0.983949,0.098738,0.485261,-1.161748,0.098738,0.506316,-1.161748,-0.048547,0.485261,-1.141663,-0.048547,0.506316,-1.141663,-0.024301,0.506316,-0.963864,-0.024301,0.485261,-0.963864],
  "indices" : [29,26,28,31,24,30,26,24,25,29,27,26,31,25,24,26,27,24],
  "Ns" : 250.00000,
  "Ka" : [1.00000,1.00000,1.00000],
  "Kd" : [0.80000,0.75014,0.64950],
  "Ks" : [0.50000,0.50000,0.50000],
  "Ni" : 1.45000,
  "d" : 1.00000,
  "illum" : 2
}