{
  "alias" : "Picture_01_Cube.619_Picture_04",
  "vertices" : [0.615276,1.390949,-1.208239,0.615276,1.729141,-1.208239,0.594567,1.371946,-1.240724,0.594567,1.748145,-1.240724,1.056973,1.390949,-1.208239,1.056973,1.729141,-1.208239,1.077682,1.371946,-1.240724,1.077682,1.748145,-1.240724,0.594567,1.371946,-1.208239,0.594567,1.748145,-1.208239,1.077682,1.748145,-1.208239,1.077682,1.371946,-1.208239,0.615276,1.390949,-1.220285,0.615276,1.729141,-1.220285,1.056973,1.729141,-1.220285,1.056973,1.390949,-1.220285],
  "indices" : [14,12,15,14,13,12],
  "Ns" : 250.00000,
  "Ka" : [1.00000,1.00000,1.00000],
  "Kd" : [0.80000,0.50896,0.29133],
  "Ks" : [0.50000,0.50000,0.50000],
  "Ni" : 1.45000,
  "d" : 1.00000,
  "illum" : 2
}