{
  "alias" : "PC_Screen_Cube.078_PCs1_3",
  "vertices" : [-0.45912,0.906115,-1.104184,-0.45912,1.2604,-1.104184,-0.436962,0.897398,-1.08502,-0.436962,1.269117,-1.08502,-1.037556,0.906115,-1.104184,-1.037556,1.2604,-1.104184,-1.059714,0.897398,-1.08502,-1.059714,1.269117,-1.08502,-0.414515,1.28772,-1.08502,-0.414515,0.878795,-1.08502,-1.082161,0.878795,-1.08502,-1.082161,1.28772,-1.08502,-0.436962,1.269117,-1.090917,-0.436962,0.897398,-1.090917,-1.059714,0.897398,-1.090917,-1.059714,1.269117,-1.090917,-0.613839,0.81951,-1.174993,-0.728175,0.842363,-1.103243,-0.613839,0.81951,-1.027075,-0.728175,0.842363,-1.086743,-0.882838,0.81951,-1.174993,-0.768501,0.842363,-1.103243,-0.882838,0.81951,-1.027075,-0.768501,0.842363,-1.086743,-0.613839,0.830151,-1.174993,-0.613839,0.830151,-1.027075,-0.882838,0.830151,-1.027075,-0.882838,0.830151,-1.174993,-0.728175,0.924995,-1.103243,-0.728175,0.879981,-1.086743,-0.768501,0.879981,-1.086743,-0.768501,0.924995,-1.103243],
  "indices" : [12,14,13,12,15,14],
  "Ns" : 250.00000,
  "Ka" : [1.00000,1.00000,1.00000],
  "Kd" : [0.13918,0.11175,0.10848],
  "Ks" : [0.50000,0.50000,0.50000],
  "Ni" : 1.45000,
  "d" : 1.00000,
  "illum" : 2
}